repo_name,username,profile_url,contributions_count,fetched_at,window
.github,Achanandhi-M,https://github.com/Achanandhi-M,2,2026-03-25T13:34:48.292Z,2025-12-25 to 2026-03-25
.github,github-actions[bot],https://github.com/github-actions[bot],84,2026-03-25T13:34:48.292Z,2025-12-25 to 2026-03-25
blog-website,Achanandhi-M,https://github.com/Achanandhi-M,6,2026-03-25T13:34:48.292Z,2025-12-25 to 2026-03-25
blog-website,amaan-bhati,https://github.com/amaan-bhati,2,2026-03-25T13:34:48.292Z,2025-12-25 to 2026-03-25
blog-website,bhanreddy1973,https://github.com/bhanreddy1973,1,2026-03-25T13:34:48.292Z,2025-12-25 to 2026-03-25
blog-website,Dakshgupta177,https://github.com/Dakshgupta177,1,2026-03-25T13:34:48.292Z,2025-12-25 to 2026-03-25
blog-website,DARSHAN-R-DARSHAN,https://github.com/DARSHAN-R-DARSHAN,2,2026-03-25T13:34:48.292Z,2025-12-25 to 2026-03-25
blog-website,dhananjay6561,https://github.com/dhananjay6561,3,2026-03-25T13:34:48.292Z,2025-12-25 to 2026-03-25
blog-website,DSingh0304,https://github.com/DSingh0304,1,2026-03-25T13:34:48.292Z,2025-12-25 to 2026-03-25
blog-website,Gagan202005,https://github.com/Gagan202005,4,2026-03-25T13:34:48.292Z,2025-12-25 to 2026-03-25
blog-website,kaushiktak19,https://github.com/kaushiktak19,1,2026-03-25T13:34:48.292Z,2025-12-25 to 2026-03-25
blog-website,nehagup,https://github.com/nehagup,1,2026-03-25T13:34:48.292Z,2025-12-25 to 2026-03-25
blog-website,remo-lab,https://github.com/remo-lab,1,2026-03-25T13:34:48.292Z,2025-12-25 to 2026-03-25
blog-website,Srinu346,https://github.com/Srinu346,2,2026-03-25T13:34:48.292Z,2025-12-25 to 2026-03-25
blog-website,Surajiitmjnu,https://github.com/Surajiitmjnu,1,2026-03-25T13:34:48.292Z,2025-12-25 to 2026-03-25
blog-website,syedali237,https://github.com/syedali237,1,2026-03-25T13:34:48.292Z,2025-12-25 to 2026-03-25
blog-website,Syedowais312,https://github.com/Syedowais312,1,2026-03-25T13:34:48.292Z,2025-12-25 to 2026-03-25
community-blog,nehagup,https://github.com/nehagup,121,2026-03-25T13:34:48.292Z,2025-12-25 to 2026-03-25
docker-images,charankamarapu,https://github.com/charankamarapu,3,2026-03-25T13:34:48.292Z,2025-12-25 to 2026-03-25
docker-images,officialasishkumar,https://github.com/officialasishkumar,1,2026-03-25T13:34:48.292Z,2025-12-25 to 2026-03-25
docker-images,Sarthak160,https://github.com/Sarthak160,2,2026-03-25T13:34:48.292Z,2025-12-25 to 2026-03-25
docker-images,slayerjain,https://github.com/slayerjain,29,2026-03-25T13:34:48.292Z,2025-12-25 to 2026-03-25
docker-images,Yogeshjindal,https://github.com/Yogeshjindal,3,2026-03-25T13:34:48.292Z,2025-12-25 to 2026-03-25
docs,Achanandhi-M,https://github.com/Achanandhi-M,8,2026-03-25T13:34:48.292Z,2025-12-25 to 2026-03-25
docs,amaan-bhati,https://github.com/amaan-bhati,5,2026-03-25T13:34:48.292Z,2025-12-25 to 2026-03-25
docs,charankamarapu,https://github.com/charankamarapu,1,2026-03-25T13:34:48.292Z,2025-12-25 to 2026-03-25
docs,dhananjay6561,https://github.com/dhananjay6561,1,2026-03-25T13:34:48.292Z,2025-12-25 to 2026-03-25
docs,Gagan202005,https://github.com/Gagan202005,1,2026-03-25T13:34:48.292Z,2025-12-25 to 2026-03-25
docs,Iam-Karan-Suresh,https://github.com/Iam-Karan-Suresh,1,2026-03-25T13:34:48.292Z,2025-12-25 to 2026-03-25
docs,kams05-ops,https://github.com/kams05-ops,1,2026-03-25T13:34:48.292Z,2025-12-25 to 2026-03-25
docs,kirti763,https://github.com/kirti763,2,2026-03-25T13:34:48.292Z,2025-12-25 to 2026-03-25
docs,nehagup,https://github.com/nehagup,10,2026-03-25T13:34:48.292Z,2025-12-25 to 2026-03-25
docs,officialasishkumar,https://github.com/officialasishkumar,1,2026-03-25T13:34:48.292Z,2025-12-25 to 2026-03-25
docs,PrathamSikka24,https://github.com/PrathamSikka24,3,2026-03-25T13:34:48.292Z,2025-12-25 to 2026-03-25
docs,Preksha0401,https://github.com/Preksha0401,1,2026-03-25T13:34:48.292Z,2025-12-25 to 2026-03-25
docs,PuneetKumar1790,https://github.com/PuneetKumar1790,1,2026-03-25T13:34:48.292Z,2025-12-25 to 2026-03-25
docs,slayerjain,https://github.com/slayerjain,1,2026-03-25T13:34:48.292Z,2025-12-25 to 2026-03-25
docs,TvisharajiK,https://github.com/TvisharajiK,1,2026-03-25T13:34:48.292Z,2025-12-25 to 2026-03-25
gsoc,Achanandhi-M,https://github.com/Achanandhi-M,1,2026-03-25T13:34:48.292Z,2025-12-25 to 2026-03-25
gsoc,adity1raut,https://github.com/adity1raut,1,2026-03-25T13:34:48.292Z,2025-12-25 to 2026-03-25
gsoc,nehagup,https://github.com/nehagup,1,2026-03-25T13:34:48.292Z,2025-12-25 to 2026-03-25
keploy,Achanandhi-M,https://github.com/Achanandhi-M,4,2026-03-25T13:34:48.292Z,2025-12-25 to 2026-03-25
keploy,AkashKumar7902,https://github.com/AkashKumar7902,10,2026-03-25T13:34:48.292Z,2025-12-25 to 2026-03-25
keploy,alrs,https://github.com/alrs,1,2026-03-25T13:34:48.292Z,2025-12-25 to 2026-03-25
keploy,anjupathak03,https://github.com/anjupathak03,3,2026-03-25T13:34:48.292Z,2025-12-25 to 2026-03-25
keploy,AuraReaper,https://github.com/AuraReaper,3,2026-03-25T13:34:48.292Z,2025-12-25 to 2026-03-25
keploy,ayush3160,https://github.com/ayush3160,11,2026-03-25T13:34:48.292Z,2025-12-25 to 2026-03-25
keploy,charankamarapu,https://github.com/charankamarapu,1,2026-03-25T13:34:48.292Z,2025-12-25 to 2026-03-25
keploy,deining,https://github.com/deining,1,2026-03-25T13:34:48.292Z,2025-12-25 to 2026-03-25
keploy,furkankoykiran,https://github.com/furkankoykiran,2,2026-03-25T13:34:48.292Z,2025-12-25 to 2026-03-25
keploy,GitEngHar,https://github.com/GitEngHar,1,2026-03-25T13:34:48.292Z,2025-12-25 to 2026-03-25
keploy,gouravkrosx,https://github.com/gouravkrosx,7,2026-03-25T13:34:48.292Z,2025-12-25 to 2026-03-25
keploy,HemantSudarshan,https://github.com/HemantSudarshan,1,2026-03-25T13:34:48.292Z,2025-12-25 to 2026-03-25
keploy,kapishupadhyay22,https://github.com/kapishupadhyay22,16,2026-03-25T13:34:48.292Z,2025-12-25 to 2026-03-25
keploy,mvanhorn,https://github.com/mvanhorn,1,2026-03-25T13:34:48.292Z,2025-12-25 to 2026-03-25
keploy,officialasishkumar,https://github.com/officialasishkumar,14,2026-03-25T13:34:48.292Z,2025-12-25 to 2026-03-25
keploy,pathakharshit,https://github.com/pathakharshit,4,2026-03-25T13:34:48.292Z,2025-12-25 to 2026-03-25
keploy,samarthsinh2660,https://github.com/samarthsinh2660,1,2026-03-25T13:34:48.292Z,2025-12-25 to 2026-03-25
keploy,Sarthak160,https://github.com/Sarthak160,12,2026-03-25T13:34:48.292Z,2025-12-25 to 2026-03-25
keploy,slayerjain,https://github.com/slayerjain,28,2026-03-25T13:34:48.292Z,2025-12-25 to 2026-03-25
keploy,Yogeshjindal,https://github.com/Yogeshjindal,4,2026-03-25T13:34:48.292Z,2025-12-25 to 2026-03-25
samples-go,AkashKumar7902,https://github.com/AkashKumar7902,1,2026-03-25T13:34:48.292Z,2025-12-25 to 2026-03-25
samples-go,kapishupadhyay22,https://github.com/kapishupadhyay22,2,2026-03-25T13:34:48.292Z,2025-12-25 to 2026-03-25
samples-go,officialasishkumar,https://github.com/officialasishkumar,5,2026-03-25T13:34:48.292Z,2025-12-25 to 2026-03-25
samples-go,SaketV8,https://github.com/SaketV8,1,2026-03-25T13:34:48.292Z,2025-12-25 to 2026-03-25
samples-go,slayerjain,https://github.com/slayerjain,3,2026-03-25T13:34:48.292Z,2025-12-25 to 2026-03-25
samples-go,Srinu346,https://github.com/Srinu346,1,2026-03-25T13:34:48.292Z,2025-12-25 to 2026-03-25
samples-go,vamshi1188,https://github.com/vamshi1188,1,2026-03-25T13:34:48.292Z,2025-12-25 to 2026-03-25
samples-java,nehagup,https://github.com/nehagup,1,2026-03-25T13:34:48.292Z,2025-12-25 to 2026-03-25
samples-java,slayerjain,https://github.com/slayerjain,3,2026-03-25T13:34:48.292Z,2025-12-25 to 2026-03-25
samples-python,kapishupadhyay22,https://github.com/kapishupadhyay22,1,2026-03-25T13:34:48.292Z,2025-12-25 to 2026-03-25
samples-python,pathakharshit,https://github.com/pathakharshit,2,2026-03-25T13:34:48.292Z,2025-12-25 to 2026-03-25
samples-typescript,kapishupadhyay22,https://github.com/kapishupadhyay22,2,2026-03-25T13:34:48.292Z,2025-12-25 to 2026-03-25
tech-blog,nehagup,https://github.com/nehagup,1,2026-03-25T13:34:48.292Z,2025-12-25 to 2026-03-25
writers-program,Achanandhi-M,https://github.com/Achanandhi-M,2,2026-03-25T13:34:48.292Z,2025-12-25 to 2026-03-25
